date_added,scheduled_date,event_type,company,ticker,drug,drug_class,indication,status,source_url,notes,womens_health_relevant,lacuna_sector,lacuna_acquirer_id,lacuna_company_id,date_precision,date_basis,actual_date,last_verified
2026-08-21,2026-07-22,approval,Nuvalent,NUVL,zidesamtinib,ROS1 TKI,ROS1+ NSCLC,approved,https://www.fda.gov/drugs/resources-information-approved-drugs/fda-approves-zidesamtinib-ros1-positive-non-small-cell-lung-cancer,Approved Jul 22 2026 as Jideytro; prior Sep 18 PDUFA row was stale,false,,,,day,actual_event,2026-07-22,2026-08-21
2026-08-21,2026-07-30,guidance,FDA,—,biosimilar container closure systems draft guidance,biosimilars,—,upcoming,https://www.govinfo.gov/content/pkg/FR-2026-08-03/html/2026-15630.htm,Draft guidance on device presentations for biosimilars; comments due Oct 2 2026,false,,,,day,third_party_calendar,,2026-08-21
2026-08-21,2026-08-04,CHMP,Amgen,AMGN,Tavneos (avacopan),complement C5aR antagonist,ANCA-associated vasculitis,withdrawn,https://www.ema.europa.eu/en/medicines/human/EPAR/tavneos,EU authorization revoked Aug 4 over trial-data integrity; FDA withdrawal hearing pending,false,,,,day,actual_event,2026-08-04,2026-08-21
2026-08-21,2026-08-07,CRL,ITM Isotope Technologies,private,177Lu-edotreotide,radioligand therapy,gastroenteropancreatic neuroendocrine tumors,CRL,https://www.linkedin.com/pulse/regulatory-decisions-august-17-2026-biweekly-highlights-x9nuc,CRL issued Aug 7,false,,,,day,actual_event,2026-08-07,2026-08-21
2026-08-21,2026-08-13,approval,Bristol Myers Squibb,BMY,Zenbexus (iberdomide),CELMoD,relapsed/refractory multiple myeloma,approved,https://www.fda.gov/drugs/resources-information-approved-drugs/fda-grants-accelerated-approval-iberdomide-daratumumab-and-hyaluronidase-fihj-and-dexamethasone,First CELMoD; accelerated approval 4 days before Aug 17 PDUFA,false,,,,day,actual_event,2026-08-13,2026-08-21
2026-08-21,2026-08-13,approval,Lantheus,LNTH,Tauklarify (florquinitau F 18),tau PET imaging agent,Alzheimer's disease evaluation,approved,https://www.fda.gov/drugs/novel-drug-approvals-fda/novel-drug-approvals-2026,Novel tau PET tracer,false,,,,day,actual_event,2026-08-13,2026-08-21
2026-08-21,2026-08-17,readout,EyePoint,EYPT,DURAVYU (vorolanib insert),intravitreal TKI insert,wet AMD,negative,https://investors.eyepoint.bio/news-releases/news-release-details/eyepoint-announces-topline-data-lugano-first-two-pivotal-phase-3,LUGANO missed primary endpoint in full dataset; shares -58%,false,,,,day,actual_event,2026-08-17,2026-08-21
2026-08-21,2026-08-17,readout,argenx,ARGX,Vyvgart Hytrulo (efgartigimod),FcRn antagonist,autoimmune myositis,positive,https://finance.yahoo.com/healthcare/articles/argenx-jumps-phase-3-data-121200604.html,ALKIVIA Ph3 met primary (p=0.0011); first Ph3 win in IMNM subtype,false,,,,day,actual_event,2026-08-17,2026-08-21
2026-08-21,2026-08-18,readout,Amylyx,AMLX,avexitide,GLP-1 receptor antagonist,post-bariatric hypoglycemia,positive,https://investors.amylyx.com/press-releases,LUCIDITY Ph3: 55% reduction in hypoglycemic events; shares +63%,false,,,,day,actual_event,2026-08-18,2026-08-21
2026-08-21,2026-08-19,readout,Moderna,MRNA,intismeran autogene + Keytruda,individualized mRNA neoantigen therapy,resected high-risk melanoma,positive,https://www.biopharmadive.com/topic/clinical-trials/,INTerpath-001 met RFS + DMFS at interim; first positive Ph3 for individualized mRNA cancer therapy,false,,,,day,actual_event,2026-08-19,2026-08-21
2026-08-21,2026-08-19,approval,Regeneron,REGN,Pasatru (garetosmab),activin-A antibody,fibrodysplasia ossificans progressiva,approved,https://www.fda.gov/drugs/novel-drug-approvals-fda/novel-drug-approvals-2026,Approved ~2 weeks ahead of Aug 31 PDUFA; second-ever FOP therapy,false,,,,day,actual_event,2026-08-19,2026-08-21
2026-08-21,2026-08-19,approval,Ultragenyx,RARE,GENGLYCOS (pariglasgene brecaparvovec),AAV gene therapy,glycogen storage disease type Ia,approved,https://ir.ultragenyx.com/news-releases/news-release-details/ultragenyx-announces-us-fda-approval-genglycostm-gene-therapy,First therapy for GSDIa; accelerated approval 4 days before Aug 23 PDUFA,false,,,,day,actual_event,2026-08-19,2026-08-21
2026-08-21,2026-08-24,PDUFA,Eisai/Biogen,BIIB,lecanemab SC starting dose,anti-amyloid antibody,Alzheimer's disease,approved,https://www.fda.gov/drugs/news-events-human-drugs/fda-approves-first-home-starting-dose-alzheimers-disease-treatment,Approved Jul 13 2026 as Leqembi IQLIK (first at-home starting dose); US launch late Aug 2026,false,,,,day,actual_event,2026-07-13,2026-08-21
2026-08-21,2026-08-25,PDUFA,Jazz/Zymeworks,JAZZ,Ziihera (zanidatamab),HER2 bispecific antibody,1L HER2+ gastroesophageal adenocarcinoma,approved,https://www.fda.gov/drugs/resources-information-approved-drugs/fda-approves-zanidatamab-hrii-and-tislelizumab-jsgr-her2-positive-gastric-gastroesophageal-junction,Approved Aug 25 2026 for 1L HER2+ GEA with and without tislelizumab; median OS 26.4 months,false,,,,day,actual_event,2026-08-25,2026-08-21
2026-08-28,2026-08-25,approval,Johnson & Johnson,JNJ,Imaavy (nipocalimab),FcRn blocker,warm autoimmune hemolytic anemia (12+),approved,https://www.fda.gov/drugs/news-events-human-drugs/notable-approvals-drugs,First drug approved for wAIHA,false,,acquirer-jnj,,day,actual_event,2026-08-25,2026-08-28
2026-08-28,2026-08-26,approval,Revolution Medicines,RVMD,Rasonque (daraxonrasib),RAS(ON) multi-selective inhibitor,metastatic pancreatic adenocarcinoma (2L+),approved,https://www.fda.gov/drugs/resources-information-approved-drugs/oncology-cancerhematologic-malignancies-approval-notifications,First targeted therapy for metastatic pancreatic cancer; roughly doubled survival in pivotal trial,false,,,,day,actual_event,2026-08-26,2026-08-28
2026-08-21,2026-08-27,PDUFA,Gilead,GILD,bictegravir/lenacapavir,HIV single-tablet regimen,HIV-1,approved,https://www.reuters.com/legal/litigation/us-fda-approves-gileads-once-daily-combination-pill-hiv-treatment-2026-08-27/,Approved Aug 27 2026 as Bixlenvo; smallest once-daily single-tablet HIV regimen,false,,,,day,actual_event,2026-08-27,2026-08-21
2026-08-28,2026-08-28,readout,Cytokinetics,CYTK,aficamten (ACACIA-HCM),cardiac myosin inhibitor,non-obstructive hypertrophic cardiomyopathy,positive,https://ir.cytokinetics.com/press-releases/press-release-details/2026/Cytokinetics-Announces-Positive-Results-from-ACACIA-HCM-Presented-in-Hot-Line-Session-at-the-European-Society-of-Cardiology-ESC-Congress-2026-and-Published-in-The-New-England-Journal-of-Medicine/default.aspx,Full Ph3 results at ESC + NEJM; met dual primaries (KCCQ-CSS p=0.021; pVO2 p=0.003); sNDA planned Q4 2026,false,,,,day,actual_event,2026-08-28,2026-08-28
2026-08-28,2026-08-28,approval,Eli Lilly,LLY,Mounjaro (tirzepatide) CV label,GIP/GLP-1 receptor agonist,MACE risk reduction in type 2 diabetes,approved,https://www.marketbeat.com/stocks/NYSE/LLY/fda-events/,Label expansion on SURPASS-CVOT (>13000 patients ~4-year follow-up),false,,,,day,actual_event,2026-08-28,2026-08-28
2026-09-04,2026-08-31,readout,Novartis,NVS,rapcabtagene autoleucel (rap-cel),autologous CD19 CAR-T,rheumatic and neurological autoimmune disease,negative,https://www.reuters.com/business/healthcare-pharmaceuticals/novartis-pauses-autoimmune-cell-therapy-studies-after-deaths-wsj-reports-2026-09-01/,8 trials paused after 3 patient deaths from severe immune reaction; oncology trials unaffected; BMS halted a comparable autoimmune CAR-T program the same week,false,,,,day,actual_event,2026-08-31,2026-09-04
2026-09-04,2026-08-31,readout,Novartis,NVS,remibrutinib,BTK inhibitor,relapsing multiple sclerosis,positive,https://www.novartis.com/news/media-releases/novartis-remibrutinib-high-efficacy-oral-btk-inhibitor-significantly-reduces-relapse-rates-and-shows-favorable-safety-profile-phase-iii-rms-trials,"REMODEL-1/-2 met primary ARR vs teriflunomide plus all key secondaries; no BTK liver signal; filing planned, full data ~October",false,,,,day,actual_event,2026-08-31,2026-09-04
2026-08-28,2026-08-31,PDUFA,PharmaEssentia,6446.TW,Besremi (ropeginterferon alfa-2b) sBLA,interferon,essential thrombocythemia,approved,https://www.fda.gov/drugs/news-events-human-drugs/notable-approvals-drugs,Approved Aug 31 2026; first new ET agent in the US since anagrelide (1997); SURPASS-ET Ph3,false,,,,day,actual_event,2026-08-31,2026-08-28
2026-09-04,2026-09-01,readout,Alumis,ALMS,envudeucitinib,TYK2 inhibitor,systemic lupus erythematosus,negative,https://investors.alumis.com/news-releases/news-release-details/alumis-announces-topline-results-envudeucitinib-phase-2b-trial/,Ph2b LUMUS missed primary and key secondary; high-interferon subgroup active; Ph3 still planned,false,,,,day,actual_event,2026-09-01,2026-09-04
2026-09-04,2026-09-01,approval,American Regent (Daiichi Sankyo),—,Injectafer (ferric carboxymaltose) boxed warning,IV iron replacement,iron deficiency anemia,approved,https://www.fda.gov/drugs/drug-safety-communications/fda-adds-boxed-warning-labeling-ferric-carboxymaltose-injection-injectafer-describe-risk-low,Labeling revision adds boxed warning for severe prolonged symptomatic hypophosphatemia; follows Aug 13 citizen-petition grant; relevant to OB/GYN IV iron use,false,,,,day,actual_event,2026-09-01,2026-09-04
2026-09-04,2026-09-02,readout,Summit/Akeso,SMMT,ivonescimab,PD-1/VEGF bispecific antibody,PD-L1-positive advanced NSCLC,positive,https://smmttx.com/news/press-releases/news-details/2026/Ivonescimab-Monotherapy-Demonstrates-Statistically-Significant-Overall-Survival-Benefit-Compared-to-Pembrolizumab-Monotherapy-in-PD-L1-Positive-Advanced-NSCLC-in-HARMONi-2-Study-Conducted-by-Akeso-in-China/default.aspx,HARMONi-2 (China) showed statistically significant OS benefit vs pembrolizumab monotherapy; first PD-1/VEGF bispecific to beat Keytruda on OS,false,,,,day,actual_event,2026-09-02,2026-09-04
2026-09-04,2026-09-02,readout,Ultragenyx,RARE,apazunersen (GTX-102),antisense oligonucleotide,Angelman syndrome,negative,https://ir.ultragenyx.com/news-releases/news-release-details/ultragenyx-announces-phase-3-aspire-results-angelman-syndrome,Ph3 Aspire missed primary (Bayley-4 cognitive) and key secondary (MRI net response); no treated-vs-control differences; company weighing significant cost cuts ahead of Sep 19 UX111 PDUFA,false,,,,day,actual_event,2026-09-02,2026-09-04
2026-09-04,2026-09-03,readout,AbbVie,ABBV,etentamig (ABBV-383),BCMA/CD3 bispecific antibody,relapsed/refractory multiple myeloma,positive,https://www.prnewswire.com/news-releases/health-latest-news/clinical-trials-medical-discoveries-list/,Positive Ph3 CERVINO reported the same day AbbVie closed its $10.9B Apogee acquisition at $135.11/share,false,,,,day,actual_event,2026-09-03,2026-09-04
2026-09-11,2026-09-04,approval,AstraZeneca,AZN,Etcamah (camizestrant),oral SERD,ESR1-mutated HR+/HER2- advanced or metastatic breast cancer,approved,https://www.fda.gov/drugs/novel-drug-approvals-fda/novel-drug-approvals-2026,"Accelerated approval Sep 4 2026, 75 mg once daily with abemaciclib, palbociclib or ribociclib. First US approval of a cancer therapy triggered by a resistance mutation detected in blood before imaging shows progression - moves the regulatory unit of analysis from radiographic progression to a ctDNA signal, with read-through to liquid-biopsy assays as companion-diagnostic gatekeepers. Narrower than a general ctDNA endpoint precedent: accelerated approval in an on-treatment resistance population, confirmatory obligation still governs. No published NICE appraisal and no establishable MHRA date as of Sep 8 2026. MISSED by the Sep 4 brief, which published at 5:04 PM ET the same day",true,Breast Health,,,day,actual_event,2026-09-04,2026-09-11
2026-09-11,2026-09-09,approval,Bayer,BAYRY,Hyrnuo (sevabertinib),HER2-selective tyrosine kinase inhibitor,first-line HER2-mutant locally advanced or metastatic non-squamous NSCLC,approved,https://www.fda.gov/drugs/resources-information-approved-drugs/fda-grants-accelerated-approval-sevabertinib-locally-advanced-or-metastatic-non-squamous-non-small,Accelerated approval Sep 9 2026 following priority review; first-line option in HER2-mutant NSCLC. Third FDA approval inside the Sep 5-11 week,false,,acquirer-bayer,,day,actual_event,2026-09-09,2026-09-11
2026-09-11,2026-09-10,readout,AbbVie,ABBV,atogepant (QULIPTA/AQUIPTA),oral CGRP receptor antagonist,preventive treatment of menstrual migraine,positive,https://www.stocktitan.net/news/ABBV/abb-vie-extends-migraine-leadership-with-positive-phase-3-atogepant-1dm9btt4jtvf.html,"Phase 3 LUNA topline met the primary endpoint and all eight ranked secondary endpoints in pure menstrual migraine and menstrually-related migraine. No approved treatment exists for this indication. Already-approved molecule entering a large under-treated women's-health indication, which compresses development risk and launch cost. AbbVie plans worldwide submissions; NO PDUFA date exists yet, so this is a readout row and must not be promoted to a decision row",true,,,,day,actual_event,2026-09-10,2026-09-11
2026-08-21,2026-09-11,PDUFA,Telix,TLX,TLX101-Px,PET imaging agent,glioma imaging,upcoming,https://www.pdufa.bio/calendar/2026/september,"PDUFA date of Sep 11 2026 passed with no approval or CRL announced as of that evening; row deliberately left upcoming rather than inferred. Telix previously received a CRL on the related glioma imaging NDA TLX101-CDx, so silence is not directional",false,,,,day,third_party_calendar,,2026-09-11
2026-09-11,2026-09-13,readout,Cullinan Therapeutics/Taiho,CGEM,zipalertinib,EGFR exon 20 insertion tyrosine kinase inhibitor,first-line EGFR exon 20 insertion mutation NSCLC,upcoming,https://markets.businessinsider.com/news/stocks/cullinan-therapeutics-to-host-virtual-analyst-and-investor-event-to-showcase-zipalertinib-plus-chemotherapy-phase-3-rezilient3-data-presented-at-the-iaslc-2026-world-conference-on-lung-cancer-1036537017,"Phase 3 REZILIENT3 planned interim analysis of zipalertinib plus chemotherapy, Presidential Symposium 2 at IASLC WCLC 2026 in Seoul",false,,,,day,company_guidance,,2026-09-11
2026-08-21,2026-09-14,CHMP,EMA,—,CHMP monthly meeting,—,—,upcoming,https://www.ema.europa.eu/en/events/committee-medicinal-products-human-use-chmp-14-17-september-2026,Sept 14-17; new opinions resume after August written procedure,false,,,,day,third_party_calendar,,2026-09-11
2026-08-21,2026-09-16,AdComm,FDA,—,Pediatric Advisory Committee,—,—,upcoming,https://www.fda.gov/advisory-committees/advisory-committee-calendar/pediatric-advisory-committee-meeting-announcement-09162026,Virtual session,false,,,,day,third_party_calendar,,2026-09-11
2026-08-21,2026-09-19,PDUFA,Ultragenyx/Abeona,RARE,UX111,AAV gene therapy,Sanfilippo syndrome type A,upcoming,https://www.pdufa.bio/calendar/2026/september,Second RARE gene-therapy decision in ~1 month,false,,,,day,third_party_calendar,,2026-09-11
2026-08-21,2026-09-21,PDUFA,Merck,MRK,Winrevair (sotatercept-csrk) sBLA,activin signaling inhibitor,PAH earlier-line (HYPERION),upcoming,https://www.pdufa.bio/calendar/2026/september,"HYPERION-based label expansion to newly diagnosed, first-line PAH - a larger and earlier-line population than the current label. Corrected from sNDA to sBLA: sotatercept is a biologic reviewed under BLA 761363",false,,,,day,third_party_calendar,,2026-09-11
2026-08-21,2026-09-22,PDUFA,Ionis,IONS,zilganersen,antisense oligonucleotide,Alexander disease,approved,https://www.fda.gov/news-events/press-announcements/fda-approves-first-drug-treat-alexander-disease,"Approved Sep 3 2026 as ZANVASTRO, ~3 weeks ahead of PDUFA; first-ever Alexander disease therapy; PRV awarded; Ionis' first independent neurology launch",false,,,,day,actual_event,2026-09-03,2026-08-21
2026-08-21,2026-09-23,AdComm,GRAIL,GRAL,Galleri MCED test,multi-cancer early detection,cancer screening,upcoming,https://www.fda.gov/advisory-committees/advisory-committee-calendar/september-23-2026-molecular-and-clinical-genetics-panel-medical-devices-advisory-committee-meeting,First-ever FDA AdComm on an MCED test (PMA),false,,,c46,day,third_party_calendar,,2026-09-11
2026-08-21,2026-09-26,PDUFA,Incyte/Mirum,INCY,zilurgisertib,ALK2 inhibitor,anemia of myelofibrosis,upcoming,https://www.pdufa.bio/calendar/2026/september,Per pdufa.bio calendar,false,,,,day,third_party_calendar,,2026-08-21
2026-09-04,2026-09-28,PDUFA,Biofrontera,BFRI,Ameluz + RhodoLED lamp series,photodynamic therapy,actinic keratosis,upcoming,https://www.pdufa.bio/calendar/2026/september,Device-drug combination label expansion,false,,,,day,third_party_calendar,,2026-09-04
2026-08-28,2026-09-30,PDUFA,Novo Nordisk,NVO,Mim8 (denecimig),FVIII-mimetic bispecific antibody,hemophilia A,upcoming,https://www.pdufa.bio/calendar,Next-gen challenger to Hemlibra,false,,,,day,third_party_calendar,,2026-08-28
2026-08-21,2026-09-30,PDUFA,Priovant/Roivant,ROIV,brepocitinib,TYK2/JAK1 inhibitor,dermatomyositis,approved,https://www.fda.gov/drugs/news-events-human-drugs/whats-new-related-drugs,Approved Aug 27 2026 as Lisraya; first oral treatment for dermatomyositis; over a month ahead of Sep 30 PDUFA,false,,,,day,actual_event,2026-08-27,2026-08-21
2026-08-21,2026-09-30,PDUFA,Protagonist/Takeda,PTGX,rusfertide,hepcidin mimetic,polycythemia vera,approved,https://www.fda.gov/news-events/press-announcements/fda-approves-first-drug-its-kind-polycythemia-vera-rare-blood-disorder,"Approved Aug 28 2026 as MIMRYLO, ~1 month early; first-in-class hepcidin mimetic; VERIFY Ph3; ~$2B opportunity; Takeda commercializes",false,,,,day,actual_event,2026-08-28,2026-08-21
2026-08-21,2026-09-30,PDUFA,Scholar Rock,SRRK,apitegromab,anti-myostatin antibody,spinal muscular atrophy,approved,https://www.fda.gov/drugs/novel-drug-approvals-fda/novel-drug-approvals-2026,"Approved Sep 11 2026 as ISEMBYLD (apitegromab-mstn), 19 days ahead of the Sep 30 PDUFA; first and only muscle-targeted therapy for SMA; label requires concurrent SMN2-targeted treatment, so it is add-on value on top of nusinersen/risdiplam rather than a substitution; first regulatory proof point for anti-latent-myostatin mechanism, read-through to obesity muscle-preservation programs",false,,,,day,third_party_calendar,2026-09-11,2026-09-11
2026-09-11,2026-09-30,readout,Vertex,VRTX,inaxaplin (VX-147),APOL1 channel function inhibitor,APOL1-mediated kidney disease,upcoming,https://research.mchadvisoryservices.com/research/vrtx-research-2026.html,"Phase 3 pivotal readout; would be the first precision-medicine approach in APOL1 nephropathy. Date from a third-party research calendar, not a company 8-K, so treat as a window",false,,,,day,third_party_calendar,,2026-09-11
2026-09-11,2026-10-01,AdComm,FDA,,Vaccines and Related Biological Products Advisory Committee,influenza vaccines,strain selection for the 2027 Southern Hemisphere influenza season,upcoming,https://www.federalregister.gov/documents/full_text/text/2026/09/09/2026-18349.txt,"Meeting 9:00 a.m. to 1:00 p.m. ET. Sourced to a dated Federal Register notice published Sep 9 2026, deliberately NOT to an aggregator calendar - the fabricated AdComm row removed on Sep 4 came from an undated archive page listing 2019-2020 meetings including a 2020 Southern Hemisphere influenza session",false,,,,day,third_party_calendar,,2026-09-11
2026-08-28,2026-10-09,PDUFA,Roche,RHHBY,Tecentriq (atezolizumab),PD-L1 checkpoint inhibitor,stage III colon cancer,upcoming,https://www.pdufa.bio/calendar,Checkpoint expansion into adjuvant colon,false,,acquirer-roche,,day,third_party_calendar,,2026-09-11
2026-08-28,2026-10-10,PDUFA,Merck/Daiichi Sankyo,MRK,ifinatamab deruxtecan (DS-7300),B7-H3 antibody-drug conjugate,extensive-stage small cell lung cancer,upcoming,https://www.pdufa.bio/calendar,First regulatory decision for a B7-H3 ADC,false,,,,day,third_party_calendar,,2026-09-11
2026-09-04,2026-10-15,PDUFA,Roche,RHHBY,Enspryng (satralizumab),IL-6 receptor antagonist,thyroid eye disease,upcoming,https://www.pdufa.bio/calendar/2026/october,First IL-6R challenger to Tepezza,false,,acquirer-roche,,day,third_party_calendar,,2026-09-04
2026-09-11,2026-10-17,PDUFA,Viatris/Opus Genetics,VTRS,MR-141 (phentolamine ophthalmic solution 0.75%),alpha-adrenergic antagonist eye drop,presbyopia,upcoming,https://newsroom.viatris.com/2026-02-25-FDA-Accepts-Viatris-Supplemental-New-Drug-Application-for-MR-141-Phentolamine-Ophthalmic-Solution-0-75-for-the-Treatment-of-Presbyopia,"sNDA for a product already marketed as RYZUMVI. ONE row deliberately, not two: pdufa.bio lists VTRS MR-141 and IRD phentolamine 0.75% as separate Oct 17 decisions but Viatris and Opus Genetics announced the same application with the same goal date on Feb 25 2026",false,,,,day,company_guidance,,2026-09-11
2026-09-04,2026-10-24,PDUFA,Pharming,PHAR,leniolisib,PI3K-delta inhibitor,activated PI3K-delta syndrome (APDS),approved,https://www.pharming.com/our-news/fda-approves-pharming-joenja-as-first-treatment-for-children-with-apds-in-the-us,"Approved Sep 11 2026 for children aged 4-11 with APDS weighing at least 27 kg, 43 days ahead of the Oct 24 PDUFA; first treatment for this age group; follows an earlier CRL on this sNDA with the resubmission only accepted Jun 4 2026",false,,,,day,third_party_calendar,2026-09-11,2026-09-11
2026-09-04,2026-10-26,PDUFA,GSK,GSK,bepirovirsen,antisense oligonucleotide,chronic hepatitis B,upcoming,https://www.pdufa.bio/calendar/2026/october,B-Well program; functional-cure ambition in HBV,false,,,,day,third_party_calendar,,2026-09-11
2026-09-11,2026-10-30,PDUFA,Inovio,INO,INO-3107,DNA immunotherapy targeting HPV-6 and HPV-11,recurrent respiratory papillomatosis,upcoming,https://ir.inovio.com/news/news-details/2026/INOVIO-Reports-Second-Quarter-2026-Financial-Results-and-Recent-Business-Highlights/default.aspx,"Inovio's first BLA. Indication corrected against the sponsor: TheraRadar lists this decision under cervical intraepithelial neoplasia, which would have made it a false women's-health row; INO-3107 is for RRP",false,,,,day,company_guidance,,2026-09-11
2026-08-21,2026-11-22,PDUFA,Capricor,CAPR,deramiocel,allogeneic cell therapy,DMD cardiomyopathy,delayed,https://www.reuters.com/business/healthcare-pharmaceuticals/us-fda-extends-review-capricors-muscle-disorder-therapy-by-three-months-2026-08-24/,PDUFA extended from Aug 22 to Nov 22 2026 after FDA accepted 24-month HOPE-3 data as major amendment; AdComm voted 9-3 against in July,false,,,,day,third_party_calendar,,2026-08-21
